Timestamp,UTC,Callsign,Position,Altitude,Speed,Direction,flight_phase
1756725687,2025-09-01T11:21:27Z,TLM610,"13.915244,100.602325",0,2,269,Taxi_out
1756725699,2025-09-01T11:21:39Z,TLM610,"13.914929,100.60183",0,2,243,Taxi_out
1756725760,2025-09-01T11:22:40Z,TLM610,"13.914487,100.602455",0,0,243,Taxi_out
1756725772,2025-09-01T11:22:52Z,TLM610,"13.914448,100.602669",0,3,243,Taxi_out
1756725793,2025-09-01T11:23:13Z,TLM610,"13.914382,100.602882",0,2,243,Taxi_out
1756725820,2025-09-01T11:23:40Z,TLM610,"13.914562,100.603119",0,3,243,Taxi_out
1756725978,2025-09-01T11:26:18Z,TLM610,"13.914324,100.603111",0,7,168,Taxi_out
1756725990,2025-09-01T11:26:30Z,TLM610,"13.914047,100.603462",0,9,95,Taxi_out
1756725998,2025-09-01T11:26:38Z,TLM610,"13.91415,100.603714",0,7,47,Taxi_out
1756726005,2025-09-01T11:26:45Z,TLM610,"13.914359,100.603844",0,6,33,Taxi_out
1756726106,2025-09-01T11:28:26Z,TLM610,"13.914569,100.603973",0,3,33,Taxi_out
1756726119,2025-09-01T11:28:39Z,TLM610,"13.914778,100.604095",0,5,33,Taxi_out
1756726127,2025-09-01T11:28:47Z,TLM610,"13.914986,100.60421",0,6,33,Taxi_out
1756726145,2025-09-01T11:29:05Z,TLM610,"13.915593,100.604553",0,0,28,Taxi_out
1756726160,2025-09-01T11:29:20Z,TLM610,"13.916302,100.604942",0,12,28,Takeoff
1756726169,2025-09-01T11:29:29Z,TLM610,"13.916768,100.605202",0,14,28,Takeoff
1756726187,2025-09-01T11:29:47Z,TLM610,"13.917932,100.605858",0,0,28,Takeoff
1756726201,2025-09-01T11:30:01Z,TLM610,"13.918839,100.606369",0,0,28,Takeoff
1756726213,2025-09-01T11:30:13Z,TLM610,"13.919712,100.606865",0,0,28,Takeoff
1756726222,2025-09-01T11:30:22Z,TLM610,"13.920364,100.607231",0,17,28,Takeoff
1756726229,2025-09-01T11:30:29Z,TLM610,"13.920865,100.607506",0,18,28,Takeoff
1756726235,2025-09-01T11:30:35Z,TLM610,"13.921394,100.607796",0,18,28,Takeoff
1756726243,2025-09-01T11:30:43Z,TLM610,"13.921702,100.607971",0,18,28,Takeoff
1756726253,2025-09-01T11:30:53Z,TLM610,"13.922518,100.608429",0,19,28,Takeoff
1756726279,2025-09-01T11:31:19Z,TLM610,"13.924717,100.609673",0,0,28,Takeoff
1756726297,2025-09-01T11:31:37Z,TLM610,"13.925962,100.610374",0,0,28,Takeoff
1756726305,2025-09-01T11:31:45Z,TLM610,"13.926235,100.610519",0,9,30,Takeoff
1756726311,2025-09-01T11:31:51Z,TLM610,"13.926405,100.610779",0,10,70,Takeoff
1756726332,2025-09-01T11:32:12Z,TLM610,"13.926079,100.611671",0,0,118,Takeoff
1756726341,2025-09-01T11:32:21Z,TLM610,"13.925938,100.612038",0,8,109,Takeoff
1756726355,2025-09-01T11:32:35Z,TLM610,"13.925732,100.612144",0,3,118,Takeoff
1756726438,2025-09-01T11:33:58Z,TLM610,"13.92552,100.612",0,3,118,Takeoff
1756726450,2025-09-01T11:34:10Z,TLM610,"13.924988,100.611694",0,29,208,Takeoff
1756726457,2025-09-01T11:34:17Z,TLM610,"13.923466,100.610863",0,0,208,Takeoff
1756726460,2025-09-01T11:34:20Z,TLM610,"13.922704,100.610435",0,0,208,Takeoff
1756726462,2025-09-01T11:34:22Z,TLM610,"13.921967,100.610008",0,82,208,Takeoff
1756726464,2025-09-01T11:34:24Z,TLM610,"13.921156,100.609566",0,90,208,Takeoff
1756726465,2025-09-01T11:34:25Z,TLM610,"13.920678,100.609299",0,94,208,Takeoff
1756726468,2025-09-01T11:34:28Z,TLM610,"13.91938,100.608566",0,105,208,Takeoff
1756726476,2025-09-01T11:34:36Z,TLM610,"13.915581,100.606445",0,135,208,Takeoff
1756726485,2025-09-01T11:34:45Z,TLM610,"13.910646,100.603683",275,161,208,Initial_climb
1756726491,2025-09-01T11:34:51Z,TLM610,"13.905945,100.600952",475,166,209,Initial_climb
1756726500,2025-09-01T11:35:00Z,TLM610,"13.900172,100.597618",825,165,209,Initial_climb
1756726506,2025-09-01T11:35:06Z,TLM610,"13.895843,100.595108",1050,168,209,Initial_climb
1756726514,2025-09-01T11:35:14Z,TLM610,"13.890349,100.591881",1350,170,209,Initial_climb
1756726523,2025-09-01T11:35:23Z,TLM610,"13.884205,100.588463",1700,171,208,Initial_climb
1756726531,2025-09-01T11:35:31Z,TLM610,"13.878479,100.585182",2025,172,211,Initial_climb
1756726535,2025-09-01T11:35:35Z,TLM610,"13.876144,100.583481",2175,173,220,Initial_climb
1756726537,2025-09-01T11:35:37Z,TLM610,"13.874725,100.582062",2250,175,225,Initial_climb
1756726539,2025-09-01T11:35:39Z,TLM610,"13.873777,100.58094",2300,176,232,Initial_climb
1756726541,2025-09-01T11:35:41Z,TLM610,"13.87262,100.579124",2375,177,239,Initial_climb
1756726543,2025-09-01T11:35:43Z,TLM610,"13.871962,100.577759",2450,177,245,Initial_climb
1756726545,2025-09-01T11:35:45Z,TLM610,"13.871429,100.576332",2525,177,249,Initial_climb
1756726547,2025-09-01T11:35:47Z,TLM610,"13.870834,100.574387",2600,176,253,Initial_climb
1756726549,2025-09-01T11:35:49Z,TLM610,"13.870514,100.572731",2700,176,257,Initial_climb
1756726551,2025-09-01T11:35:51Z,TLM610,"13.870286,100.570923",2775,176,261,Initial_climb
1756726553,2025-09-01T11:35:53Z,TLM610,"13.870146,100.569237",2850,176,265,Initial_climb
1756726556,2025-09-01T11:35:56Z,TLM610,"13.870102,100.567711",2925,177,268,Initial_climb
1756726558,2025-09-01T11:35:58Z,TLM610,"13.870193,100.56601",3000,177,273,Climb
1756726560,2025-09-01T11:36:00Z,TLM610,"13.870377,100.564018",3075,177,276,Climb
1756726562,2025-09-01T11:36:02Z,TLM610,"13.870651,100.562363",3150,176,279,Climb
1756726564,2025-09-01T11:36:04Z,TLM610,"13.871017,100.560371",3250,176,282,Climb
1756726566,2025-09-01T11:36:06Z,TLM610,"13.871475,100.558762",3325,176,285,Climb
1756726568,2025-09-01T11:36:08Z,TLM610,"13.871962,100.557335",3400,176,288,Climb
1756726570,2025-09-01T11:36:10Z,TLM610,"13.87266,100.55545",3500,175,292,Climb
1756726572,2025-09-01T11:36:12Z,TLM610,"13.873359,100.553955",3575,175,294,Climb
1756726574,2025-09-01T11:36:14Z,TLM610,"13.87413,100.552322",3650,176,296,Climb
1756726576,2025-09-01T11:36:16Z,TLM610,"13.874802,100.550972",3700,176,296,Climb
1756726579,2025-09-01T11:36:19Z,TLM610,"13.875546,100.549431",3750,178,296,Climb
1756726581,2025-09-01T11:36:21Z,TLM610,"13.876373,100.547729",3800,181,295,Climb
1756726583,2025-09-01T11:36:23Z,TLM610,"13.877243,100.54583",3825,183,295,Climb
1756726585,2025-09-01T11:36:25Z,TLM610,"13.87792,100.544373",3850,187,294,Climb
1756726587,2025-09-01T11:36:27Z,TLM610,"13.878708,100.542564",3900,190,294,Climb
1756726589,2025-09-01T11:36:29Z,TLM610,"13.879486,100.540863",3925,193,294,Climb
1756726591,2025-09-01T11:36:31Z,TLM610,"13.880402,100.538826",3950,196,294,Climb
1756726593,2025-09-01T11:36:33Z,TLM610,"13.88118,100.537117",4000,200,294,Climb
1756726596,2025-09-01T11:36:36Z,TLM610,"13.881958,100.53537",4025,202,294,Climb
1756726598,2025-09-01T11:36:38Z,TLM610,"13.882854,100.533432",4075,205,294,Climb
1756726604,2025-09-01T11:36:44Z,TLM610,"13.885391,100.527794",4200,213,294,Climb
1756726612,2025-09-01T11:36:52Z,TLM610,"13.888906,100.519989",4325,224,294,Climb
1756726620,2025-09-01T11:37:00Z,TLM610,"13.892677,100.511559",4475,236,294,Climb
1756726629,2025-09-01T11:37:09Z,TLM610,"13.896469,100.50293",4650,246,294,Climb
1756726637,2025-09-01T11:37:17Z,TLM610,"13.900452,100.49382",4800,260,294,Climb
1756726645,2025-09-01T11:37:25Z,TLM610,"13.904641,100.484184",5075,265,294,Climb
1756726660,2025-09-01T11:37:40Z,TLM610,"13.912216,100.46656",5700,272,293,Climb
1756726673,2025-09-01T11:37:53Z,TLM610,"13.918839,100.451134",6300,273,293,Climb
1756726686,2025-09-01T11:38:06Z,TLM610,"13.925354,100.43602",6650,275,293,Climb
1756726701,2025-09-01T11:38:21Z,TLM610,"13.933273,100.417786",7025,276,293,Climb
1756726714,2025-09-01T11:38:34Z,TLM610,"13.94014,100.401825",7325,278,293,Climb
1756726729,2025-09-01T11:38:49Z,TLM610,"13.947888,100.384201",7575,278,294,Climb
1756726742,2025-09-01T11:39:02Z,TLM610,"13.954971,100.36792",7800,280,294,Climb
1756726755,2025-09-01T11:39:15Z,TLM610,"13.962087,100.352058",8125,283,297,Climb
1756726760,2025-09-01T11:39:20Z,TLM610,"13.965225,100.346657",8250,286,304,Climb
1756726762,2025-09-01T11:39:22Z,TLM610,"13.966782,100.344482",8325,286,306,Climb
1756726764,2025-09-01T11:39:24Z,TLM610,"13.968521,100.3424",8400,286,310,Climb
1756726766,2025-09-01T11:39:26Z,TLM610,"13.970398,100.340454",8500,286,316,Climb
1756726768,2025-09-01T11:39:28Z,TLM610,"13.972366,100.338608",8600,286,319,Climb
1756726770,2025-09-01T11:39:30Z,TLM610,"13.974884,100.336571",8725,286,322,Climb
1756726772,2025-09-01T11:39:32Z,TLM610,"13.977262,100.334862",8825,287,324,Climb
1756726774,2025-09-01T11:39:34Z,TLM610,"13.979544,100.333412",8925,287,328,Climb
1756726776,2025-09-01T11:39:36Z,TLM610,"13.982117,100.331932",9025,287,331,Climb
1756726779,2025-09-01T11:39:39Z,TLM610,"13.984292,100.330856",9125,288,335,Climb
1756726781,2025-09-01T11:39:41Z,TLM610,"13.987473,100.329514",9225,288,338,Climb
1756726783,2025-09-01T11:39:43Z,TLM610,"13.989487,100.328758",9300,289,341,Climb
1756726785,2025-09-01T11:39:45Z,TLM610,"13.992858,100.327774",9400,289,345,Climb
1756726787,2025-09-01T11:39:47Z,TLM610,"13.995511,100.327194",9475,290,348,Climb
1756726789,2025-09-01T11:39:49Z,TLM610,"13.998165,100.326714",9575,291,350,Climb
1756726791,2025-09-01T11:39:51Z,TLM610,"14.001424,100.326279",9675,291,352,Climb
1756726793,2025-09-01T11:39:53Z,TLM610,"14.00386,100.326057",9775,292,354,Climb
1756726796,2025-09-01T11:39:56Z,TLM610,"14.007382,100.325897",9875,292,356,Climb
1756726798,2025-09-01T11:39:58Z,TLM610,"14.009857,100.325821",9950,294,358,Climb
1756726800,2025-09-01T11:40:00Z,TLM610,"14.013388,100.325844",10050,295,359,Climb
1756726802,2025-09-01T11:40:02Z,TLM610,"14.016134,100.325897",10125,296,359,Climb
1756726804,2025-09-01T11:40:04Z,TLM610,"14.018928,100.325943",10200,297,1,Climb
1756726807,2025-09-01T11:40:07Z,TLM610,"14.021942,100.326012",10275,298,1,Climb
1756726809,2025-09-01T11:40:09Z,TLM610,"14.024734,100.326057",10325,299,1,Climb
1756726811,2025-09-01T11:40:11Z,TLM610,"14.028378,100.326187",10425,300,1,Climb
1756726813,2025-09-01T11:40:13Z,TLM610,"14.030869,100.326202",10475,302,1,Climb
1756726815,2025-09-01T11:40:15Z,TLM610,"14.03401,100.326279",10525,304,1,Climb
1756726817,2025-09-01T11:40:17Z,TLM610,"14.03685,100.326332",10550,307,1,Climb
1756726820,2025-09-01T11:40:20Z,TLM610,"14.040024,100.326393",10575,309,1,Climb
1756726833,2025-09-01T11:40:33Z,TLM610,"14.059148,100.327293",10825,325,9,Climb
1756726835,2025-09-01T11:40:35Z,TLM610,"14.062733,100.328018",10875,327,12,Climb
1756726837,2025-09-01T11:40:37Z,TLM610,"14.066271,100.328934",10900,329,14,Climb
1756726839,2025-09-01T11:40:39Z,TLM610,"14.06925,100.329849",10950,331,16,Climb
1756726841,2025-09-01T11:40:41Z,TLM610,"14.072183,100.330811",11000,332,18,Climb
1756726843,2025-09-01T11:40:43Z,TLM610,"14.075115,100.331871",11025,334,19,Climb
1756726846,2025-09-01T11:40:46Z,TLM610,"14.078339,100.333115",11050,336,20,Climb
1756726848,2025-09-01T11:40:48Z,TLM610,"14.081863,100.334579",11100,340,21,Climb
1756726850,2025-09-01T11:40:50Z,TLM610,"14.085032,100.336113",11125,341,24,Climb
1756726852,2025-09-01T11:40:52Z,TLM610,"14.087631,100.337425",11150,345,27,Climb
1756726854,2025-09-01T11:40:54Z,TLM610,"14.091316,100.339485",11200,347,28,Climb
1756726856,2025-09-01T11:40:56Z,TLM610,"14.094109,100.341125",11275,347,29,Climb
1756726858,2025-09-01T11:40:58Z,TLM610,"14.096949,100.342758",11350,348,29,Climb
1756726861,2025-09-01T11:41:01Z,TLM610,"14.100037,100.344574",11425,349,29,Climb
1756726863,2025-09-01T11:41:03Z,TLM610,"14.10314,100.34642",11525,350,30,Climb
1756726865,2025-09-01T11:41:05Z,TLM610,"14.105933,100.348061",11600,350,30,Climb
1756726867,2025-09-01T11:41:07Z,TLM610,"14.109604,100.350258",11675,351,30,Climb
1756726869,2025-09-01T11:41:09Z,TLM610,"14.111893,100.351585",11750,352,30,Climb
1756726871,2025-09-01T11:41:11Z,TLM610,"14.11528,100.353622",11800,353,30,Climb
1756726874,2025-09-01T11:41:14Z,TLM610,"14.118118,100.355324",11850,356,30,Climb
1756726887,2025-09-01T11:41:27Z,TLM610,"14.137802,100.367065",12275,362,30,Climb
1756726920,2025-09-01T11:42:00Z,TLM610,"14.18591,100.395958",13500,370,30,Climb
1756726952,2025-09-01T11:42:32Z,TLM610,"14.234231,100.42511",14950,373,30,Climb
1756726982,2025-09-01T11:43:02Z,TLM610,"14.278782,100.452141",16125,379,30,Climb
1756727015,2025-09-01T11:43:35Z,TLM610,"14.328232,100.484558",17350,386,32,Climb
1756727046,2025-09-01T11:44:06Z,TLM610,"14.377075,100.516426",18475,392,32,Climb
1756727077,2025-09-01T11:44:37Z,TLM610,"14.425003,100.54702",19650,395,31,Climb
1756727110,2025-09-01T11:45:10Z,TLM610,"14.475605,100.579308",20700,401,31,Climb
1756727141,2025-09-01T11:45:41Z,TLM610,"14.52626,100.611702",21725,407,32,Climb
1756727172,2025-09-01T11:46:12Z,TLM610,"14.575287,100.643333",22375,413,32,Climb
1756727205,2025-09-01T11:46:45Z,TLM610,"14.629459,100.678375",23175,420,32,Climb
1756727235,2025-09-01T11:47:15Z,TLM610,"14.679177,100.710464",24025,423,32,Climb
1756727266,2025-09-01T11:47:46Z,TLM610,"14.731613,100.744392",24900,426,32,Climb
1756727298,2025-09-01T11:48:18Z,TLM610,"14.78595,100.77948",25800,427,32,Climb
1756727330,2025-09-01T11:48:50Z,TLM610,"14.838043,100.813148",26525,432,32,Climb
1756727362,2025-09-01T11:49:22Z,TLM610,"14.89444,100.849724",27125,442,32,Climb
1756727395,2025-09-01T11:49:55Z,TLM610,"14.950378,100.885956",27800,447,32,Climb
1756727425,2025-09-01T11:50:25Z,TLM610,"15.004669,100.921181",28475,450,32,Climb
1756727457,2025-09-01T11:50:57Z,TLM610,"15.06308,100.959053",29150,455,32,Climb
1756727489,2025-09-01T11:51:29Z,TLM610,"15.119189,100.995499",29925,453,32,Climb
1756727522,2025-09-01T11:52:02Z,TLM610,"15.176514,101.032776",30525,452,32,Climb
1756727552,2025-09-01T11:52:32Z,TLM610,"15.231079,101.068199",30950,448,32,Climb
1756727585,2025-09-01T11:53:05Z,TLM610,"15.288849,101.105682",31000,448,32,Cruise
1756727617,2025-09-01T11:53:37Z,TLM610,"15.345572,101.142639",31000,448,32,Cruise
1756727648,2025-09-01T11:54:08Z,TLM610,"15.400223,101.1782",31000,449,32,Cruise
1756727680,2025-09-01T11:54:40Z,TLM610,"15.456274,101.214737",31000,448,32,Cruise
1756727713,2025-09-01T11:55:13Z,TLM610,"15.51465,101.252747",31000,448,32,Cruise
1756727745,2025-09-01T11:55:45Z,TLM610,"15.570746,101.289383",31000,446,32,Cruise
1756727777,2025-09-01T11:56:17Z,TLM610,"15.627869,101.32666",31000,446,32,Cruise
1756727809,2025-09-01T11:56:49Z,TLM610,"15.682192,101.362221",31000,447,32,Cruise
1756727841,2025-09-01T11:57:21Z,TLM610,"15.737571,101.399139",31000,448,32,Cruise
1756727873,2025-09-01T11:57:53Z,TLM610,"15.794127,101.435425",31000,449,32,Cruise
1756727906,2025-09-01T11:58:26Z,TLM610,"15.851828,101.473907",31000,449,32,Cruise
1756727938,2025-09-01T11:58:58Z,TLM610,"15.909574,101.511032",31000,449,32,Cruise
1756727970,2025-09-01T11:59:30Z,TLM610,"15.965316,101.548149",31000,449,32,Cruise
1756728001,2025-09-01T12:00:01Z,TLM610,"16.019716,101.583916",31000,449,32,Cruise
1756728032,2025-09-01T12:00:32Z,TLM610,"16.075665,101.620071",30975,450,32,Climb
1756728063,2025-09-01T12:01:03Z,TLM610,"16.128874,101.655037",30300,441,32,Climb
1756728094,2025-09-01T12:01:34Z,TLM610,"16.182058,101.690498",29300,432,32,Climb
1756728125,2025-09-01T12:02:05Z,TLM610,"16.234005,101.724159",28200,428,32,Climb
1756728158,2025-09-01T12:02:38Z,TLM610,"16.288912,101.76033",27025,423,32,Climb
1756728189,2025-09-01T12:03:09Z,TLM610,"16.340456,101.794098",25975,417,32,Climb
1756728221,2025-09-01T12:03:41Z,TLM610,"16.392864,101.828522",24850,411,32,Climb
1756728252,2025-09-01T12:04:12Z,TLM610,"16.441702,101.861046",23825,404,32,Climb
1756728285,2025-09-01T12:04:45Z,TLM610,"16.496153,101.890289",22700,400,23,Climb
1756728315,2025-09-01T12:05:15Z,TLM610,"16.547623,101.913322",21700,393,23,Climb
1756728346,2025-09-01T12:05:46Z,TLM610,"16.598936,101.936424",20700,387,23,Climb
1756728378,2025-09-01T12:06:18Z,TLM610,"16.65193,101.960236",19700,380,23,Climb
1756728411,2025-09-01T12:06:51Z,TLM610,"16.70373,101.983582",18800,370,23,Climb
1756728441,2025-09-01T12:07:21Z,TLM610,"16.751877,102.005447",17750,368,24,Climb
1756728472,2025-09-01T12:07:52Z,TLM610,"16.798861,102.027405",16850,360,24,Climb
1756728487,2025-09-01T12:08:07Z,TLM610,"16.820812,102.03907",16550,353,34,Climb
1756728489,2025-09-01T12:08:09Z,TLM610,"16.823612,102.041283",16500,352,40,Climb
1756728492,2025-09-01T12:08:12Z,TLM610,"16.826815,102.044235",16450,351,43,Climb
1756728494,2025-09-01T12:08:14Z,TLM610,"16.829298,102.046913",16425,350,47,Climb
1756728496,2025-09-01T12:08:16Z,TLM610,"16.831585,102.049622",16400,350,49,Climb
1756728498,2025-09-01T12:08:18Z,TLM610,"16.833902,102.052559",16350,350,51,Climb
1756728501,2025-09-01T12:08:21Z,TLM610,"16.836224,102.055695",16325,350,54,Climb
1756728503,2025-09-01T12:08:23Z,TLM610,"16.838293,102.058914",16275,351,56,Climb
1756728505,2025-09-01T12:08:25Z,TLM610,"16.840038,102.061813",16225,350,57,Climb
1756728507,2025-09-01T12:08:27Z,TLM610,"16.841772,102.064903",16200,352,60,Climb
1756728509,2025-09-01T12:08:29Z,TLM610,"16.843388,102.067955",16175,352,62,Climb
1756728511,2025-09-01T12:08:31Z,TLM610,"16.845043,102.071411",16125,352,64,Climb
1756728513,2025-09-01T12:08:33Z,TLM610,"16.846352,102.074532",16100,352,65,Climb
1756728516,2025-09-01T12:08:36Z,TLM610,"16.84799,102.078339",16050,352,66,Climb
1756728518,2025-09-01T12:08:38Z,TLM610,"16.849506,102.082123",16000,352,66,Climb
1756728521,2025-09-01T12:08:41Z,TLM610,"16.851213,102.086136",15975,352,65,Climb
1756728523,2025-09-01T12:08:43Z,TLM610,"16.852652,102.089409",15925,352,65,Climb
1756728525,2025-09-01T12:08:45Z,TLM610,"16.854036,102.09259",15900,352,65,Climb
1756728527,2025-09-01T12:08:47Z,TLM610,"16.855551,102.096031",15875,352,65,Climb
1756728529,2025-09-01T12:08:49Z,TLM610,"16.85697,102.099136",15825,352,64,Climb
1756728561,2025-09-01T12:09:21Z,TLM610,"16.878473,102.147636",15300,349,65,Climb
1756728591,2025-09-01T12:09:51Z,TLM610,"16.899864,102.194305",14800,345,64,Climb
1756728623,2025-09-01T12:10:23Z,TLM610,"16.92157,102.241112",14275,345,64,Climb
1756728654,2025-09-01T12:10:54Z,TLM610,"16.943169,102.287758",13775,342,64,Climb
1756728684,2025-09-01T12:11:24Z,TLM610,"16.964024,102.333031",13250,341,64,Climb
1756728716,2025-09-01T12:11:56Z,TLM610,"16.985415,102.379807",12750,338,64,Climb
1756728747,2025-09-01T12:12:27Z,TLM610,"17.006416,102.426086",12175,333,64,Climb
1756728778,2025-09-01T12:12:58Z,TLM610,"17.026859,102.470558",11200,332,64,Climb
1756728791,2025-09-01T12:13:11Z,TLM610,"17.035414,102.489304",11025,323,64,Climb
1756728805,2025-09-01T12:13:25Z,TLM610,"17.044039,102.508148",10900,313,64,Climb
1756728818,2025-09-01T12:13:38Z,TLM610,"17.052191,102.525993",10825,301,64,Climb
1756728831,2025-09-01T12:13:51Z,TLM610,"17.05991,102.54287",10650,294,64,Climb
1756728844,2025-09-01T12:14:04Z,TLM610,"17.067362,102.559624",10475,288,65,Climb
1756728857,2025-09-01T12:14:17Z,TLM610,"17.074543,102.575432",10300,283,64,Climb
1756728870,2025-09-01T12:14:30Z,TLM610,"17.081987,102.591774",10025,280,64,Climb
1756728883,2025-09-01T12:14:43Z,TLM610,"17.089226,102.607574",9775,278,64,Climb
1756728896,2025-09-01T12:14:56Z,TLM610,"17.096519,102.623543",9475,278,64,Climb
1756728910,2025-09-01T12:15:10Z,TLM610,"17.103909,102.639854",9175,278,64,Climb
1756728923,2025-09-01T12:15:23Z,TLM610,"17.111351,102.656128",8875,276,64,Climb
1756728937,2025-09-01T12:15:37Z,TLM610,"17.118765,102.672615",8550,276,64,Climb
1756728950,2025-09-01T12:15:50Z,TLM610,"17.125929,102.688263",8225,276,64,Climb
1756728963,2025-09-01T12:16:03Z,TLM610,"17.133087,102.704308",7950,274,64,Climb
1756728977,2025-09-01T12:16:17Z,TLM610,"17.140705,102.721077",7650,274,64,Climb
1756728990,2025-09-01T12:16:30Z,TLM610,"17.148129,102.737534",7350,273,64,Climb
1756729003,2025-09-01T12:16:43Z,TLM610,"17.154882,102.752434",7075,272,64,Climb
1756729016,2025-09-01T12:16:56Z,TLM610,"17.1619,102.767876",6800,270,64,Climb
1756729029,2025-09-01T12:17:09Z,TLM610,"17.168865,102.783226",6600,267,64,Climb
1756729042,2025-09-01T12:17:22Z,TLM610,"17.175552,102.798073",6500,258,64,Climb
1756729055,2025-09-01T12:17:35Z,TLM610,"17.182428,102.813049",6350,252,64,Climb
1756729068,2025-09-01T12:17:48Z,TLM610,"17.188932,102.827286",6175,247,64,Climb
1756729082,2025-09-01T12:18:02Z,TLM610,"17.195578,102.841965",5975,245,64,Climb
1756729095,2025-09-01T12:18:15Z,TLM610,"17.201958,102.856194",5775,242,64,Climb
1756729108,2025-09-01T12:18:28Z,TLM610,"17.208097,102.869713",5650,236,64,Climb
1756729121,2025-09-01T12:18:41Z,TLM610,"17.214174,102.883224",5525,229,64,Climb
1756729135,2025-09-01T12:18:55Z,TLM610,"17.220133,102.896461",5375,226,64,Climb
1756729148,2025-09-01T12:19:08Z,TLM610,"17.225903,102.90921",5225,218,64,Climb
1756729161,2025-09-01T12:19:21Z,TLM610,"17.23159,102.921577",5050,215,64,Climb
1756729174,2025-09-01T12:19:34Z,TLM610,"17.237328,102.933891",4875,210,64,Climb
1756729181,2025-09-01T12:19:41Z,TLM610,"17.240038,102.939896",4775,208,64,Climb
1756729188,2025-09-01T12:19:48Z,TLM610,"17.242739,102.945915",4725,204,64,Climb
1756729194,2025-09-01T12:19:54Z,TLM610,"17.245787,102.951706",4600,202,57,Climb
1756729197,2025-09-01T12:19:57Z,TLM610,"17.246956,102.953461",4575,201,51,Climb
1756729199,2025-09-01T12:19:59Z,TLM610,"17.248358,102.955154",4550,200,47,Climb
1756729201,2025-09-01T12:20:01Z,TLM610,"17.249756,102.956482",4525,200,43,Climb
1756729203,2025-09-01T12:20:03Z,TLM610,"17.251097,102.957748",4475,198,39,Climb
1756729205,2025-09-01T12:20:05Z,TLM610,"17.253038,102.95932",4450,198,36,Climb
1756729209,2025-09-01T12:20:09Z,TLM610,"17.256409,102.961121",4400,196,28,Climb
1756729212,2025-09-01T12:20:12Z,TLM610,"17.258377,102.962135",4375,194,26,Climb
1756729214,2025-09-01T12:20:14Z,TLM610,"17.260025,102.962906",4350,194,24,Climb
1756729216,2025-09-01T12:20:16Z,TLM610,"17.261948,102.963867",4325,194,24,Climb
1756729218,2025-09-01T12:20:18Z,TLM610,"17.263916,102.964828",4300,192,25,Climb
1756729221,2025-09-01T12:20:21Z,TLM610,"17.265667,102.965729",4275,191,25,Climb
1756729223,2025-09-01T12:20:23Z,TLM610,"17.267296,102.966515",4225,190,26,Climb
1756729225,2025-09-01T12:20:25Z,TLM610,"17.269043,102.96743",4200,190,26,Climb
1756729227,2025-09-01T12:20:27Z,TLM610,"17.27092,102.968399",4175,190,26,Climb
1756729230,2025-09-01T12:20:30Z,TLM610,"17.272976,102.96946",4150,188,26,Climb
1756729232,2025-09-01T12:20:32Z,TLM610,"17.274837,102.970436",4100,188,25,Climb
1756729234,2025-09-01T12:20:34Z,TLM610,"17.276466,102.971123",4075,187,21,Climb
1756729237,2025-09-01T12:20:37Z,TLM610,"17.278421,102.971863",4025,187,18,Climb
1756729239,2025-09-01T12:20:39Z,TLM610,"17.280624,102.972443",4000,188,11,Climb
1756729242,2025-09-01T12:20:42Z,TLM610,"17.28273,102.972687",3950,188,3,Climb
1756729244,2025-09-01T12:20:44Z,TLM610,"17.28479,102.972687",3900,188,357,Climb
1756729246,2025-09-01T12:20:46Z,TLM610,"17.286383,102.972549",3850,188,352,Climb
1756729248,2025-09-01T12:20:48Z,TLM610,"17.288431,102.972107",3825,188,344,Climb
1756729251,2025-09-01T12:20:51Z,TLM610,"17.290106,102.971565",3800,188,339,Climb
1756729253,2025-09-01T12:20:53Z,TLM610,"17.292061,102.970734",3750,188,334,Climb
1756729255,2025-09-01T12:20:55Z,TLM610,"17.293598,102.969902",3725,188,329,Climb
1756729257,2025-09-01T12:20:57Z,TLM610,"17.295366,102.968674",3725,188,321,Climb
1756729259,2025-09-01T12:20:59Z,TLM610,"17.296717,102.967499",3725,188,316,Climb
1756729262,2025-09-01T12:21:02Z,TLM610,"17.297928,102.966225",3700,188,311,Climb
1756729264,2025-09-01T12:21:04Z,TLM610,"17.299393,102.964394",3700,188,307,Climb
1756729266,2025-09-01T12:21:06Z,TLM610,"17.300488,102.962738",3700,188,304,Climb
1756729268,2025-09-01T12:21:08Z,TLM610,"17.301418,102.96122",3700,188,301,Climb
1756729270,2025-09-01T12:21:10Z,TLM610,"17.302443,102.959305",3700,188,299,Climb
1756729272,2025-09-01T12:21:12Z,TLM610,"17.30328,102.957687",3700,187,297,Climb
1756729275,2025-09-01T12:21:15Z,TLM610,"17.304258,102.955772",3725,188,297,Climb
1756729277,2025-09-01T12:21:17Z,TLM610,"17.304794,102.954613",3725,188,297,Climb
1756729279,2025-09-01T12:21:19Z,TLM610,"17.305939,102.952354",3700,189,296,Climb
1756729281,2025-09-01T12:21:21Z,TLM610,"17.306717,102.950714",3700,190,297,Climb
1756729283,2025-09-01T12:21:23Z,TLM610,"17.30761,102.948906",3675,190,297,Climb
1756729285,2025-09-01T12:21:25Z,TLM610,"17.308449,102.947243",3650,190,297,Climb
1756729287,2025-09-01T12:21:27Z,TLM610,"17.309238,102.945625",3625,190,297,Climb
1756729289,2025-09-01T12:21:29Z,TLM610,"17.310217,102.943611",3600,191,296,Climb
1756729291,2025-09-01T12:21:31Z,TLM610,"17.311066,102.941795",3575,191,296,Climb
1756729294,2025-09-01T12:21:34Z,TLM610,"17.312027,102.939819",3525,191,296,Climb
1756729296,2025-09-01T12:21:36Z,TLM610,"17.312777,102.938316",3500,191,296,Climb
1756729298,2025-09-01T12:21:38Z,TLM610,"17.313707,102.936356",3450,191,296,Climb
1756729305,2025-09-01T12:21:45Z,TLM610,"17.316595,102.93042",3325,191,296,Climb
1756729312,2025-09-01T12:21:52Z,TLM610,"17.318939,102.925606",3225,190,296,Climb
1756729321,2025-09-01T12:22:01Z,TLM610,"17.322647,102.918007",3075,184,297,Climb
1756729328,2025-09-01T12:22:08Z,TLM610,"17.325485,102.912415",2975,180,297,Climb
1756729335,2025-09-01T12:22:15Z,TLM610,"17.328278,102.906769",2875,176,297,Climb
1756729342,2025-09-01T12:22:22Z,TLM610,"17.3307,102.901825",2775,171,297,Climb
1756729351,2025-09-01T12:22:31Z,TLM610,"17.333771,102.895538",2650,167,297,Climb
1756729357,2025-09-01T12:22:37Z,TLM610,"17.336014,102.890961",2575,165,296,Climb
1756729364,2025-09-01T12:22:44Z,TLM610,"17.338474,102.885979",2475,165,297,Climb
1756729373,2025-09-01T12:22:53Z,TLM610,"17.34164,102.879509",2350,163,296,Climb
1756729380,2025-09-01T12:23:00Z,TLM610,"17.343933,102.874817",2250,163,297,Climb
1756729389,2025-09-01T12:23:09Z,TLM610,"17.346954,102.868652",2150,162,297,Climb
1756729395,2025-09-01T12:23:15Z,TLM610,"17.349367,102.863716",2050,162,297,Climb
1756729402,2025-09-01T12:23:22Z,TLM610,"17.351555,102.859253",1950,162,297,Climb
1756729409,2025-09-01T12:23:29Z,TLM610,"17.354023,102.854202",1850,162,296,Climb
1756729418,2025-09-01T12:23:38Z,TLM610,"17.356934,102.848175",1725,161,297,Climb
1756729425,2025-09-01T12:23:45Z,TLM610,"17.359451,102.843163",1650,162,297,Climb
1756729433,2025-09-01T12:23:53Z,TLM610,"17.362448,102.837181",1525,162,297,Climb
1756729440,2025-09-01T12:24:00Z,TLM610,"17.364716,102.832558",1425,161,297,Climb
1756729449,2025-09-01T12:24:09Z,TLM610,"17.367617,102.826538",1300,160,296,Climb
1756729456,2025-09-01T12:24:16Z,TLM610,"17.36998,102.821716",1200,159,297,Climb
1756729462,2025-09-01T12:24:22Z,TLM610,"17.372225,102.817169",1125,159,297,Climb
1756729471,2025-09-01T12:24:31Z,TLM610,"17.375153,102.81131",1000,158,297,Climb
1756729478,2025-09-01T12:24:38Z,TLM610,"17.377485,102.80658",925,156,296,Climb
1756729485,2025-09-01T12:24:45Z,TLM610,"17.379812,102.80172",825,155,296,Climb
1756729493,2025-09-01T12:24:53Z,TLM610,"17.382187,102.796913",750,151,297,Climb
1756729501,2025-09-01T12:25:01Z,TLM610,"17.384806,102.791595",0,125,298,Landing
1756729508,2025-09-01T12:25:08Z,TLM610,"17.386597,102.787888",0,100,298,Landing
1756729519,2025-09-01T12:25:19Z,TLM610,"17.388577,102.783859",0,74,298,Landing
1756729527,2025-09-01T12:25:27Z,TLM610,"17.389542,102.781891",0,51,298,Landing
1756729535,2025-09-01T12:25:35Z,TLM610,"17.390156,102.780602",0,32,295,Landing
1756729542,2025-09-01T12:25:42Z,TLM610,"17.390659,102.779602",0,31,298,Taxi_in
1756729550,2025-09-01T12:25:50Z,TLM610,"17.391129,102.778618",0,29,298,Taxi_in
1756729558,2025-09-01T12:25:58Z,TLM610,"17.391598,102.777657",0,25,295,Taxi_in
1756729565,2025-09-01T12:26:05Z,TLM610,"17.391941,102.776955",0,22,298,Taxi_in
1756729574,2025-09-01T12:26:14Z,TLM610,"17.392277,102.776253",0,15,295,Taxi_in
1756729585,2025-09-01T12:26:25Z,TLM610,"17.392393,102.775681",0,10,253,Taxi_in
1756729598,2025-09-01T12:26:38Z,TLM610,"17.391823,102.775246",0,13,208,Taxi_in
1756729602,2025-09-01T12:26:42Z,TLM610,"17.391602,102.775139",0,14,208,Taxi_in
1756729611,2025-09-01T12:26:51Z,TLM610,"17.391113,102.774879",0,13,208,Taxi_in
1756729616,2025-09-01T12:26:56Z,TLM610,"17.390877,102.774765",0,12,205,Taxi_in
1756729622,2025-09-01T12:27:02Z,TLM610,"17.390566,102.77459",0,12,208,Taxi_in
1756729629,2025-09-01T12:27:09Z,TLM610,"17.390251,102.774414",0,10,205,Taxi_in
1756729636,2025-09-01T12:27:16Z,TLM610,"17.389938,102.774315",0,11,191,Taxi_in
1756729642,2025-09-01T12:27:22Z,TLM610,"17.389658,102.774315",0,11,174,Taxi_in
1756729647,2025-09-01T12:27:27Z,TLM610,"17.389391,102.774399",0,11,157,Taxi_in
1756729653,2025-09-01T12:27:33Z,TLM610,"17.38916,102.774582",0,11,137,Taxi_in
1756729660,2025-09-01T12:27:40Z,TLM610,"17.388943,102.774879",0,11,120,Taxi_in
1756729665,2025-09-01T12:27:45Z,TLM610,"17.388821,102.775124",0,12,118,Taxi_in
1756729670,2025-09-01T12:27:50Z,TLM610,"17.388691,102.775375",0,12,118,Taxi_in
1756729679,2025-09-01T12:27:59Z,TLM610,"17.388474,102.775826",0,13,118,Taxi_in
1756729683,2025-09-01T12:28:03Z,TLM610,"17.388359,102.776039",0,13,118,Taxi_in
1756729691,2025-09-01T12:28:11Z,TLM610,"17.388134,102.776512",0,13,118,Taxi_in
1756729698,2025-09-01T12:28:18Z,TLM610,"17.387981,102.77681",0,13,118,Taxi_in
1756729707,2025-09-01T12:28:27Z,TLM610,"17.387808,102.777176",0,4,118,Taxi_in
1756729723,2025-09-01T12:28:43Z,TLM610,"17.387512,102.777122",0,5,118,Taxi_in
1756729733,2025-09-01T12:28:53Z,TLM610,"17.387308,102.777016",0,5,118,Taxi_in
1756729745,2025-09-01T12:29:05Z,TLM610,"17.387066,102.776886",0,0,118,Taxi_in
